file,chars,warnings,compile_s,binary_bytes,tree1,tree2,tree3,result
001_1513.c,1513,0,0.05,16408,1,3,still searching (expected),PASS
002_1778.c,1778,4,0.06,16552,1,rc=1,still searching (expected),FAIL
003_824.c,824,26,0.04,16360,1,3,exited rc=0 out='6',FAIL
004_1134.c,1134,8,0.05,16488,1,3,still searching (expected),PASS
005_860.c,860,26,0.04,16384,1,3,still searching (expected),PASS
006_856.c,856,26,0.04,16384,1,3,still searching (expected),PASS
007_852.c,852,26,0.04,16384,1,3,still searching (expected),PASS
008_849.c,849,26,0.05,16384,1,3,still searching (expected),PASS
009_810.c,810,24,0.05,16368,1,3,still searching (expected),PASS
010_807.c,807,24,0.04,16368,1,3,still searching (expected),PASS
011_806.c,806,24,0.05,16368,1,3,still searching (expected),PASS
012_806.c,806,24,0.06,16368,1,3,still searching (expected),PASS
013_798.c,798,25,0.04,16368,1,3,still searching (expected),PASS
014_795.c,795,25,0.04,16512,1,3,still searching (expected),PASS
015_793.c,793,27,0.05,16512,1,3,still searching (expected),PASS
016_792.c,792,28,0.04,16512,1,3,still searching (expected),PASS
017_789.c,789,28,0.05,16512,1,3,still searching (expected),PASS
018_781.c,781,28,0.04,16512,1,3,still searching (expected),PASS
019_780.c,780,28,0.04,16512,1,3,still searching (expected),PASS
020_779.c,779,28,0.04,16512,1,3,still searching (expected),PASS
021_761.c,761,28,0.04,16448,1,3,still searching (expected),PASS
022_760.c,760,27,0.04,16448,1,3,still searching (expected),PASS
023_759.c,759,27,0.04,16448,1,3,still searching (expected),PASS
024_755.c,755,27,0.04,16448,1,3,still searching (expected),PASS
025_754.c,754,27,0.04,16448,1,3,still searching (expected),PASS
026_753.c,753,27,0.04,16448,1,3,still searching (expected),PASS
027_749.c,749,27,0.04,16448,1,3,still searching (expected),PASS
028_748.c,748,27,0.04,16448,1,3,still searching (expected),PASS
029_736.c,736,27,0.04,16448,1,3,still searching (expected),PASS
030_728.c,728,27,0.04,16448,1,3,still searching (expected),PASS
031_715.c,715,29,0.04,16448,1,3,still searching (expected),PASS
032_707.c,707,29,0.04,16448,1,3,still searching (expected),PASS
033_681.c,681,29,0.04,16496,1,3,still searching (expected),PASS
034_679.c,679,28,0.04,16496,1,3,still searching (expected),PASS
035_675.c,675,28,0.04,16496,1,3,still searching (expected),PASS
036_668.c,668,27,0.04,16552,1,3,still searching (expected),PASS
037_660.c,660,26,0.04,16552,1,3,still searching (expected),PASS
038_656.c,656,26,0.04,16552,1,3,still searching (expected),PASS
039_633.c,633,26,0.03,16520,1,3,still searching (expected),PASS
040_629.c,629,27,0.04,16496,1,3,still searching (expected),PASS
041_624.c,624,27,0.05,16472,1,3,still searching (expected),PASS
042_620.c,620,27,0.04,16472,1,3,still searching (expected),PASS
043_608.c,608,26,0.05,16472,1,3,still searching (expected),PASS
044_606.c,606,27,0.05,16472,1,3,still searching (expected),PASS
045_599.c,599,27,0.05,16424,1,3,still searching (expected),PASS
046_595.c,595,27,0.05,16392,1,3,still searching (expected),PASS
047_566.c,566,22,0.05,16368,1,3,still searching (expected),PASS
048_561.c,561,24,0.04,16368,1,3,still searching (expected),PASS
049_545.c,545,22,0.04,16416,1,3,still searching (expected),PASS
